{
    "0": {
        "precision": 0.9701193578263656,
        "recall": 0.8659149352815226,
        "f1-score": 0.9150600771466174,
        "support": 557646.0
    },
    "1": {
        "precision": 0.8789205644932758,
        "recall": 0.9733289577975992,
        "f1-score": 0.9237187827340407,
        "support": 557646.0
    },
    "accuracy": 0.919621946539561,
    "macro avg": {
        "precision": 0.9245199611598207,
        "recall": 0.919621946539561,
        "f1-score": 0.9193894299403291,
        "support": 1115292.0
    },
    "weighted avg": {
        "precision": 0.9245199611598207,
        "recall": 0.919621946539561,
        "f1-score": 0.9193894299403291,
        "support": 1115292.0
    }
}