{
    "0": {
        "precision": 0.9906433047891361,
        "recall": 0.9717096509254975,
        "f1-score": 0.9810851377017183,
        "support": 557646.0
    },
    "1": {
        "precision": 0.9722402094653566,
        "recall": 0.9908221344724072,
        "f1-score": 0.9814432257205026,
        "support": 557646.0
    },
    "accuracy": 0.9812658926989524,
    "macro avg": {
        "precision": 0.9814417571272464,
        "recall": 0.9812658926989524,
        "f1-score": 0.9812641817111105,
        "support": 1115292.0
    },
    "weighted avg": {
        "precision": 0.9814417571272464,
        "recall": 0.9812658926989524,
        "f1-score": 0.9812641817111104,
        "support": 1115292.0
    }
}