{
    "0": {
        "precision": 0.9915490235055322,
        "recall": 0.9750002689878525,
        "f1-score": 0.983205016342898,
        "support": 557646.0
    },
    "1": {
        "precision": 0.9754106601429042,
        "recall": 0.9916900686098349,
        "f1-score": 0.9834830014965334,
        "support": 557646.0
    },
    "accuracy": 0.9833451687988437,
    "macro avg": {
        "precision": 0.9834798418242182,
        "recall": 0.9833451687988437,
        "f1-score": 0.9833440089197157,
        "support": 1115292.0
    },
    "weighted avg": {
        "precision": 0.9834798418242182,
        "recall": 0.9833451687988437,
        "f1-score": 0.9833440089197156,
        "support": 1115292.0
    }
}