{
    "0": {
        "precision": 0.9880069031304386,
        "recall": 0.9732482614418466,
        "f1-score": 0.9805720521571654,
        "support": 557646.0
    },
    "1": {
        "precision": 0.9736419918865817,
        "recall": 0.9881860535178232,
        "f1-score": 0.9808601113185752,
        "support": 557646.0
    },
    "accuracy": 0.9807171574798349,
    "macro avg": {
        "precision": 0.9808244475085102,
        "recall": 0.9807171574798349,
        "f1-score": 0.9807160817378703,
        "support": 1115292.0
    },
    "weighted avg": {
        "precision": 0.9808244475085102,
        "recall": 0.9807171574798349,
        "f1-score": 0.9807160817378702,
        "support": 1115292.0
    }
}